{"cameraMode":{"drawMode":0,"name":"Shaded","section":"Shading Mode"},"sceneLighting":false,"audioPlay":false,"sceneViewState":{"m_AlwaysRefresh":false,"showFog":true,"showSkybox":false,"showFlares":true,"showImageEffects":true,"showParticleSystems":true,"showVisualEffectGraphs":true,"m_FxEnabled":true},"in2DMode":false,"pivot":{"x":-0.004999935626983643,"y":5.960464477539063e-8,"z":1.7881393432617188e-7},"rotation":{"x":-0.04293389618396759,"y":0.782753050327301,"z":-0.05434052646160126,"w":-0.6184830069541931},"size":2.1911749839782717,"orthographic":false}