{"cameraMode":{"drawMode":0,"name":"Shaded","section":"Shading Mode"},"sceneLighting":false,"audioPlay":false,"sceneViewState":{"m_AlwaysRefresh":false,"showFog":true,"showSkybox":false,"showFlares":true,"showImageEffects":true,"showParticleSystems":true,"showVisualEffectGraphs":true,"m_FxEnabled":true},"in2DMode":false,"pivot":{"x":-3.8743019104003908e-7,"y":3.5762786865234377e-7,"z":1.1362216472625733},"rotation":{"x":0.008162841200828553,"y":0.7854950428009033,"z":0.010361033491790295,"w":-0.6187373995780945},"size":0.8888647556304932,"orthographic":false}