{"cameraMode":{"drawMode":0,"name":"Shaded","section":"Shading Mode"},"sceneLighting":false,"audioPlay":false,"sceneViewState":{"m_AlwaysRefresh":false,"showFog":true,"showSkybox":false,"showFlares":true,"showImageEffects":true,"showParticleSystems":true,"showVisualEffectGraphs":true,"m_FxEnabled":true},"in2DMode":false,"pivot":{"x":-1.2193148136138917,"y":1.2449973821640015,"z":-0.37543439865112307},"rotation":{"x":-0.06062287092208862,"y":0.8280400633811951,"z":-0.09129530936479569,"w":-0.5498719215393066},"size":2.5187466144561769,"orthographic":false}